"BROKEN","EPIC","FAILED","FEATURE","PASSED","SKIPPED","STORY","UNKNOWN"
"0","Mobile Testing","0","Responsive Design Validation","3","0","Font Legibility","0"
"0","HomePage Tests","0","HomePage Navigation","3","0","HomePage Display","0"
"0","Extended Test Coverage","0","Advanced Features","3","0","Keyboard Actions","0"
"0","","0","","51","0","","0"
"0","HomePage Tests","0","HomePage Navigation","3","0","HomePage Navigation","0"
"0","Selenium Grid Testing","0","Basic Grid Tests","3","0","Grid Connection","0"
"0","Extended Test Coverage","0","Negative Tests","3","0","Element Interaction","0"
"0","Mobile Testing","0","Responsive Design Validation","3","0","Image Optimization","0"
"0","Extended Test Coverage","0","Data-Driven Tests","3","0","Search Functionality","0"
"0","Robot Framework Acceptance Testing","0","Robot Framework Tests","15","0","","0"
"0","Playwright E2E Testing","0","Playwright Tests","6","27","","0"
"0","Smoke Tests","0","Critical Path Verification","3","0","Grid Infrastructure","0"
"0","API Testing","0","API Contract Testing","3","0","YourMembership API","0"
"0","Selenium Grid Testing","0","Enhanced Grid Tests","3","0","Multi-Site Navigation","0"
"0","Smoke Tests","0","Critical Path Verification","3","0","Core Functionality","0"
"0","Vibium Visual Regression Testing","0","Vibium Tests","18","0","","0"
"0","Selenium Grid Testing","0","Enhanced Grid Tests","3","0","Form Interactions","0"
"0","Smoke Tests","0","Secret Manager Integration","3","0","API Key Retrieval","0"
"0","Extended Test Coverage","0","Advanced Features","3","0","Performance","0"
"0","Mobile Testing","0","Responsive Design Validation","3","0","Mobile Navigation","0"
"0","Extended Test Coverage","0","Advanced Features","3","0","Element Properties","0"
"0","Cypress E2E Testing","0","Cypress Tests","6","0","","0"
"0","Extended Test Coverage","0","Advanced Features","3","0","Cookie Management","0"
"0","Mobile Testing","0","Responsive Design Validation","3","0","Multi-Viewport Testing","0"
"0","Selenium Grid Testing","0","Enhanced Grid Tests","6","0","Homepage Navigation","0"
"0","Mobile Testing","0","Mobile Browser Tests","3","0","Responsive Design","0"
"0","Performance Testing","0","","2","0","","0"
"0","Extended Test Coverage","0","Data-Driven Tests","3","0","Website Accessibility","0"
"0","Extended Test Coverage","0","Negative Tests","3","0","Error Messages","0"
"0","Extended Test Coverage","0","Advanced Features","3","0","JavaScript Execution","0"
"0","Mobile Testing","0","Mobile Browser Tests","3","0","Mobile Performance","0"
"0","Mobile Testing","0","Responsive Design Validation","3","0","Portrait vs Landscape","0"
"0","API Testing","0","API Contract Testing","3","0","Webinar List","0"
"0","Mobile Testing","0","Responsive Design Validation","3","0","Breakpoint Validation","0"
"0","Extended Test Coverage","0","Data-Driven Tests","3","0","Edge Cases","0"
"0","API Testing","0","API Contract Testing","3","0","OAuth Authentication","0"
"0","Smoke Tests","0","Critical Path Verification","3","0","Core Navigation","0"
"0","Extended Test Coverage","0","Advanced Features","3","0","Page Navigation","0"
"0","Mobile Testing","0","Mobile Browser Tests","3","0","Mobile Viewport","0"
"0","Mobile Testing","0","Mobile Browser Tests","3","0","Touch Interactions","0"
"0","Selenium Grid Testing","0","Enhanced Grid Tests","3","0","Browser Features","0"
"0","Selenium Grid Testing","0","Enhanced Grid Tests","3","0","Search Functionality","0"
"0","Selenium Grid Testing","0","Enhanced Grid Tests","3","0","Performance Testing","0"
"0","Extended Test Coverage","0","Negative Tests","3","0","Element State","0"
"0","Extended Test Coverage","0","Negative Tests","6","0","Error Handling","0"
"0","Extended Test Coverage","0","Negative Tests","3","0","Error Recovery","0"
"0","Smoke Tests","0","Secret Manager Integration","3","0","Secret Manager Direct Access","0"
"0","Selenium Grid Testing","0","Basic Grid Tests","6","0","Basic Navigation","0"
"0","Extended Test Coverage","0","Advanced Features","3","0","Window Management","0"
"0","Mobile Testing","0","Mobile Browser Tests","3","0","Mobile Form Input","0"
"0","Smoke Tests","0","Critical Path Verification","3","0","Form Interaction","0"
"0","Selenium Grid Testing","0","Enhanced Grid Tests","3","0","Responsive Design","0"
"0","Smoke Tests","0","Critical Path Verification","3","0","Multi-Page Navigation","0"
"0","Mobile Testing","0","Mobile Browser Tests","3","0","Mobile Device Emulation","0"
"0","Smoke Tests","0","Secret Manager Integration","3","0","Secret Manager Connectivity","0"
"0","Extended Test Coverage","0","Negative Tests","3","0","Timeout Handling","0"
"0","Performance Testing","0","Browser Load Testing","2","0","Artillery Smoke Test","0"
