"Status","Start Time","Stop Time","Duration in ms","Parent Suite","Suite","Sub Suite","Test Class","Test Method","Name","Description"
"passed","Tue Dec 30 01:03:58 UTC 2025","Tue Dec 30 01:03:58 UTC 2025","0","Surefire suite","Surefire test","com.cjs.qa.junit.tests.SecretManagerSmokeTest","com.cjs.qa.junit.tests.SecretManagerSmokeTest","smokeTestApiKeyRetrieval","Skip if credentials not available [DEV]","Verify that EAPIKeys enum can retrieve an API key from Google Cloud Secret Manager"
"passed","Tue Dec 30 01:05:06 UTC 2025","Tue Dec 30 01:05:07 UTC 2025","600","Surefire suite","Surefire test","com.cjs.qa.junit.tests.AdvancedFeaturesTests","com.cjs.qa.junit.tests.AdvancedFeaturesTests","testCookieManagement","testCookieManagement [DEV]","Test cookie creation, retrieval, and deletion"
"passed","Tue Dec 30 01:05:18 UTC 2025","Tue Dec 30 01:05:26 UTC 2025","7963","","Surefire test","Selenide Tests","com.cjs.qa.junit.tests.HomePageTests","testHomePageLoads","testHomePageLoads [DEV]","Test that the home page loads"
"skipped","Tue Dec 30 01:08:13 UTC 2025","Tue Dec 30 01:08:14 UTC 2025","1000","","Playwright Tests","","integration/applications.spec.ts","","Applications Integration Tests › should navigate to applications from home page [TEST]","Playwright test: Applications Integration Tests › should navigate to applications from home page"
"skipped","Tue Dec 30 01:08:13 UTC 2025","Tue Dec 30 01:08:14 UTC 2025","1000","","Playwright Tests","","integration/applications.spec.ts","","Applications Integration Tests › should create a new application [DEV]","Playwright test: Applications Integration Tests › should create a new application"
"passed","Tue Dec 30 01:08:14 UTC 2025","Tue Dec 30 01:08:14 UTC 2025","403","","Vibium Tests","","Vibium","","should execute syncAPIHandled without errors [TEST]","Vibium test: should execute syncAPIHandled without errors"
"passed","Tue Dec 30 01:08:13 UTC 2025","Tue Dec 30 01:08:15 UTC 2025","1276","","Selenide Tests","","homepage.spec.ts","","HomePage › should display the navigation panel [TEST]","Playwright test: HomePage › should display the navigation panel"
"passed","Tue Dec 30 01:08:14 UTC 2025","Tue Dec 30 01:08:15 UTC 2025","1547","","Vibium Tests","","Vibium","","should execute syncAPIMocked without errors [DEV]","Vibium test: should execute syncAPIMocked without errors"
"passed","Tue Dec 30 01:03:35 UTC 2025","Tue Dec 30 01:03:36 UTC 2025","1122","Surefire suite","Surefire test","com.cjs.qa.junit.tests.HtmlUnitUpgradeVerificationTest","com.cjs.qa.junit.tests.HtmlUnitUpgradeVerificationTest","testWebClientUsage","testWebClientUsage [DEV]",""
"passed","Tue Dec 30 01:04:51 UTC 2025","Tue Dec 30 01:04:53 UTC 2025","2733","Surefire suite","Surefire test","com.cjs.qa.junit.tests.DataDrivenTests","com.cjs.qa.junit.tests.DataDrivenTests","testSearchWithMultipleQueries","testSearchWithMultipleQueries [DEV]","Test Google search with multiple search terms"
"passed","Tue Dec 30 01:08:13 UTC 2025","Tue Dec 30 01:08:14 UTC 2025","592","","Selenide Tests","","Cypress","","HomePage [DEV]","Cypress test: ['HomePage', 'should display the navigation panel']"
"passed","Tue Dec 30 01:03:34 UTC 2025","Tue Dec 30 01:03:35 UTC 2025","702","Surefire suite","Surefire test","com.cjs.qa.junit.tests.HtmlUnitUpgradeVerificationTest","com.cjs.qa.junit.tests.HtmlUnitUpgradeVerificationTest","testHtmlUnitDriverInstantiationWithCapabilities","testHtmlUnitDriverInstantiationWithCapabilities [DEV]",""
"passed","Tue Dec 30 01:06:14 UTC 2025","Tue Dec 30 01:06:15 UTC 2025","1448","Surefire suite","Surefire test","com.cjs.qa.junit.tests.mobile.MobileBrowserTests","com.cjs.qa.junit.tests.mobile.MobileBrowserTests","testMobileViewportConfiguration","testMobileViewportConfiguration [DEV]","Test viewport meta tag and responsive behavior"
"skipped","Tue Dec 30 01:08:13 UTC 2025","Tue Dec 30 01:08:14 UTC 2025","1000","","Playwright Tests","","integration/companies.spec.ts","","Companies Integration Tests › should load companies list page [PROD]","Playwright test: Companies Integration Tests › should load companies list page"
"passed","Tue Dec 30 01:08:13 UTC 2025","Tue Dec 30 01:08:14 UTC 2025","88","","Robot Framework Tests","","RobotFramework","","Create Post Test [DEV]","Robot Framework test: Create Post Test"
"passed","Tue Dec 30 01:05:01 UTC 2025","Tue Dec 30 01:05:06 UTC 2025","5073","Surefire suite","Surefire test","com.cjs.qa.junit.tests.AdvancedFeaturesTests","com.cjs.qa.junit.tests.AdvancedFeaturesTests","testJavaScriptExecution","testJavaScriptExecution [DEV]","Execute JavaScript commands in browser"
"passed","Tue Dec 30 01:05:18 UTC 2025","Tue Dec 30 01:05:18 UTC 2025","1","Surefire suite","Surefire test","com.cjs.qa.junit.tests.RetryAnalyzerTest","com.cjs.qa.junit.tests.RetryAnalyzerTest","testRetryAnalyzerWithZeroRetries","testRetryAnalyzerWithZeroRetries [DEV]",""
"skipped","Tue Dec 30 01:08:13 UTC 2025","Tue Dec 30 01:08:14 UTC 2025","1000","","Playwright Tests","","integration/applications.spec.ts","","Applications Integration Tests › should delete an application [PROD]","Playwright test: Applications Integration Tests › should delete an application"
"passed","Tue Dec 30 01:05:31 UTC 2025","Tue Dec 30 01:05:32 UTC 2025","978","Surefire suite","Surefire test","com.cjs.qa.junit.tests.SimpleGridTest","com.cjs.qa.junit.tests.SimpleGridTest","testNavigateToGitHub","testNavigateToGitHub [DEV]","Verify navigation to GitHub.com works correctly"
"passed","Tue Dec 30 01:03:56 UTC 2025","Tue Dec 30 01:03:57 UTC 2025","1382","Surefire suite","Surefire test","com.cjs.qa.junit.tests.NegativeTests","com.cjs.qa.junit.tests.NegativeTests","testStaleElementHandling","testStaleElementHandling [DEV]","Test stale element reference handling"
"passed","Tue Dec 30 01:05:09 UTC 2025","Tue Dec 30 01:05:12 UTC 2025","2996","Surefire suite","Surefire test","com.cjs.qa.junit.tests.AdvancedFeaturesTests","com.cjs.qa.junit.tests.AdvancedFeaturesTests","testKeyboardActions","testKeyboardActions [DEV]","Test advanced keyboard interactions"
"skipped","Tue Dec 30 01:08:13 UTC 2025","Tue Dec 30 01:08:14 UTC 2025","1000","","Playwright Tests","","integration/applications.spec.ts","","Applications Integration Tests › should view application details [DEV]","Playwright test: Applications Integration Tests › should view application details"
"passed","Tue Dec 30 01:04:05 UTC 2025","Tue Dec 30 01:04:06 UTC 2025","1506","Surefire suite","Surefire test","com.cjs.qa.junit.tests.EnhancedGridTests","com.cjs.qa.junit.tests.EnhancedGridTests","testGoogleSearch","Perform a Google search and verify results [DEV]","Verify Google search functionality with proper waits and URL verification"
"passed","Tue Dec 30 01:08:13 UTC 2025","Tue Dec 30 01:08:14 UTC 2025","592","","Selenide Tests","","Cypress","","HomePage [PROD]","Cypress test: ['HomePage', 'should display the navigation panel']"
"passed","Tue Dec 30 01:08:14 UTC 2025","Tue Dec 30 01:08:15 UTC 2025","1191","","Vibium Tests","","Vibium","","should execute asyncAPIHandled without errors [PROD]","Vibium test: should execute asyncAPIHandled without errors"
"passed","Tue Dec 30 01:04:01 UTC 2025","Tue Dec 30 01:04:03 UTC 2025","1367","Surefire suite","Surefire test","com.cjs.qa.junit.tests.SmokeTests","com.cjs.qa.junit.tests.SmokeTests","smokeTestNavigationWorks","smokeTestNavigationWorks [DEV]","Verify navigation between multiple pages"
"skipped","Tue Dec 30 01:08:13 UTC 2025","Tue Dec 30 01:08:14 UTC 2025","1000","","Playwright Tests","","integration/companies.spec.ts","","Companies Integration Tests › should navigate to companies from home page [PROD]","Playwright test: Companies Integration Tests › should navigate to companies from home page"
"passed","Tue Dec 30 01:05:13 UTC 2025","Tue Dec 30 01:05:15 UTC 2025","2262","Surefire suite","Surefire test","com.cjs.qa.junit.tests.AdvancedFeaturesTests","com.cjs.qa.junit.tests.AdvancedFeaturesTests","testBrowserNavigation","testBrowserNavigation [DEV]","Test browser navigation (back, forward, refresh)"
"passed","Tue Dec 30 00:57:14 UTC 2025","Tue Dec 30 00:57:44 UTC 2025","30000","","Performance Tests","","Performance","","Locust: Quick Smoke Test [DEV]","Locust Quick Smoke Test - All 290 requests passed successfully"
"passed","Tue Dec 30 01:08:14 UTC 2025","Tue Dec 30 01:08:18 UTC 2025","4284","","Vibium Tests","","Vibium","","should execute all example functions in sequence [DEV]","Vibium test: should execute all example functions in sequence"
"passed","Tue Dec 30 01:08:14 UTC 2025","Tue Dec 30 01:08:15 UTC 2025","1191","","Vibium Tests","","Vibium","","should execute asyncAPIHandled without errors [DEV]","Vibium test: should execute asyncAPIHandled without errors"
"passed","Tue Dec 30 01:08:13 UTC 2025","Tue Dec 30 01:08:14 UTC 2025","84","","Robot Framework Tests","","RobotFramework","","Get All Posts Test [TEST]","Robot Framework test: Get All Posts Test"
"passed","Tue Dec 30 01:04:11 UTC 2025","Tue Dec 30 01:04:12 UTC 2025","473","Surefire suite","Surefire test","com.cjs.qa.junit.tests.EnhancedGridTests","com.cjs.qa.junit.tests.EnhancedGridTests","testBrowserCapabilities","Test browser capabilities [DEV]","Verify browser capabilities including JavaScript, cookies, and window management"
"passed","Tue Dec 30 01:04:00 UTC 2025","Tue Dec 30 01:04:01 UTC 2025","1589","Surefire suite","Surefire test","com.cjs.qa.junit.tests.SmokeTests","com.cjs.qa.junit.tests.SmokeTests","smokeTestSearchWorks","smokeTestSearchWorks [DEV]","Verify basic search functionality works"
"passed","Tue Dec 30 01:08:13 UTC 2025","Tue Dec 30 01:08:15 UTC 2025","1360","","Selenide Tests","","homepage.spec.ts","","HomePage › should load the home page [PROD]","Playwright test: HomePage › should load the home page"
"passed","Tue Dec 30 01:06:13 UTC 2025","Tue Dec 30 01:06:14 UTC 2025","871","Surefire suite","Surefire test","com.cjs.qa.junit.tests.mobile.MobileBrowserTests","com.cjs.qa.junit.tests.mobile.MobileBrowserTests","testMobilePageLoadPerformance","testMobilePageLoadPerformance [DEV]","Test page load performance on mobile devices"
"skipped","Tue Dec 30 01:08:13 UTC 2025","Tue Dec 30 01:08:14 UTC 2025","1000","","Playwright Tests","","integration/applications.spec.ts","","Applications Integration Tests › should create a new application [PROD]","Playwright test: Applications Integration Tests › should create a new application"
"skipped","Tue Dec 30 01:08:13 UTC 2025","Tue Dec 30 01:08:14 UTC 2025","1000","","Playwright Tests","","integration/applications.spec.ts","","Applications Integration Tests › should handle empty applications list [PROD]","Playwright test: Applications Integration Tests › should handle empty applications list"
"passed","Tue Dec 30 01:05:29 UTC 2025","Tue Dec 30 01:05:31 UTC 2025","2300","Surefire suite","Surefire test","com.cjs.qa.junit.tests.SimpleGridTest","com.cjs.qa.junit.tests.SimpleGridTest","testNavigateToGoogle","testNavigateToGoogle [DEV]","Verify navigation to Google.com works correctly"
"skipped","Tue Dec 30 01:08:13 UTC 2025","Tue Dec 30 01:08:14 UTC 2025","1000","","Playwright Tests","","integration/applications.spec.ts","","Applications Integration Tests › should edit an existing application [PROD]","Playwright test: Applications Integration Tests › should edit an existing application"
"skipped","Tue Dec 30 01:08:13 UTC 2025","Tue Dec 30 01:08:14 UTC 2025","1000","","Playwright Tests","","integration/applications.spec.ts","","Applications Integration Tests › should list applications [DEV]","Playwright test: Applications Integration Tests › should list applications"
"passed","Tue Dec 30 01:03:43 UTC 2025","Tue Dec 30 01:03:43 UTC 2025","449","Surefire suite","Surefire test","com.cjs.qa.junit.tests.NegativeTests","com.cjs.qa.junit.tests.NegativeTests","testDisabledElementInteraction","testDisabledElementInteraction [DEV]","Test interaction with disabled elements"
"passed","Tue Dec 30 01:05:18 UTC 2025","Tue Dec 30 01:05:18 UTC 2025","0","Surefire suite","Surefire test","com.cjs.qa.junit.tests.RetryAnalyzerTest","com.cjs.qa.junit.tests.RetryAnalyzerTest","testRetryAnalyzerConfiguration","testRetryAnalyzerConfiguration [DEV]",""
"passed","Tue Dec 30 01:08:14 UTC 2025","Tue Dec 30 01:08:15 UTC 2025","1547","","Vibium Tests","","Vibium","","should execute syncAPIMocked without errors [PROD]","Vibium test: should execute syncAPIMocked without errors"
"passed","Tue Dec 30 01:08:14 UTC 2025","Tue Dec 30 01:08:14 UTC 2025","403","","Vibium Tests","","Vibium","","should execute syncAPIHandled without errors [DEV]","Vibium test: should execute syncAPIHandled without errors"
"passed","Tue Dec 30 01:03:42 UTC 2025","Tue Dec 30 01:03:42 UTC 2025","324","Surefire suite","Surefire test","com.cjs.qa.junit.tests.NegativeTests","com.cjs.qa.junit.tests.NegativeTests","testInvalidUrlNavigation","testInvalidUrlNavigation [DEV]","Test invalid URL navigation"
"passed","Tue Dec 30 01:08:14 UTC 2025","Tue Dec 30 01:08:17 UTC 2025","2918","","Vibium Tests","","Vibium","","should handle the vibium package gracefully [PROD]","Vibium test: should handle the vibium package gracefully"
"passed","Tue Dec 30 01:08:14 UTC 2025","Tue Dec 30 01:08:16 UTC 2025","2918","","Vibium Tests","","Vibium","","should handle the vibium package gracefully [TEST]","Vibium test: should handle the vibium package gracefully"
"passed","Tue Dec 30 01:08:14 UTC 2025","Tue Dec 30 01:08:17 UTC 2025","3075","","Vibium Tests","","Vibium","","should execute asyncAPIMocked without errors [TEST]","Vibium test: should execute asyncAPIMocked without errors"
"passed","Tue Dec 30 01:08:13 UTC 2025","Tue Dec 30 01:08:14 UTC 2025","86","","Robot Framework Tests","","RobotFramework","","Create Post Test [TEST]","Robot Framework test: Create Post Test"
"passed","Tue Dec 30 01:08:13 UTC 2025","Tue Dec 30 01:08:14 UTC 2025","592","","Selenide Tests","","Cypress","","HomePage [TEST]","Cypress test: ['HomePage', 'should display the navigation panel']"
"passed","Tue Dec 30 01:03:58 UTC 2025","Tue Dec 30 01:03:58 UTC 2025","0","Surefire suite","Surefire test","com.cjs.qa.junit.tests.api.APIContractTests","com.cjs.qa.junit.tests.api.APIContractTests","testYourMembershipAPIResponseSchema","testYourMembershipAPIResponseSchema [DEV]","Validate YourMembership API response matches schema"
"passed","Tue Dec 30 01:08:13 UTC 2025","Tue Dec 30 01:08:17 UTC 2025","3133","","Robot Framework Tests","","RobotFramework","","Home Page Should Display Navigation Panel [TEST]","Robot Framework test: Home Page Should Display Navigation Panel"
"passed","Tue Dec 30 01:04:08 UTC 2025","Tue Dec 30 01:04:10 UTC 2025","1965","Surefire suite","Surefire test","com.cjs.qa.junit.tests.EnhancedGridTests","com.cjs.qa.junit.tests.EnhancedGridTests","testMultiSiteNavigation","Test navigation between multiple sites [DEV]","Verify ability to navigate between multiple websites in same session"
"passed","Tue Dec 30 01:05:17 UTC 2025","Tue Dec 30 01:05:18 UTC 2025","544","Surefire suite","Surefire test","com.cjs.qa.junit.tests.AdvancedFeaturesTests","com.cjs.qa.junit.tests.AdvancedFeaturesTests","testPerformanceMetrics","testPerformanceMetrics [DEV]","Test page load and element search performance"
"passed","Tue Dec 30 01:08:14 UTC 2025","Tue Dec 30 01:08:17 UTC 2025","3075","","Vibium Tests","","Vibium","","should execute asyncAPIMocked without errors [DEV]","Vibium test: should execute asyncAPIMocked without errors"
"passed","Tue Dec 30 01:03:36 UTC 2025","Tue Dec 30 01:03:42 UTC 2025","5401","Surefire suite","Surefire test","com.cjs.qa.junit.tests.NegativeTests","com.cjs.qa.junit.tests.NegativeTests","testNonExistentElement","testNonExistentElement [DEV]","Test handling of non-existent elements"
"passed","Tue Dec 30 01:04:04 UTC 2025","Tue Dec 30 01:04:04 UTC 2025","387","Surefire suite","Surefire test","com.cjs.qa.junit.tests.EnhancedGridTests","com.cjs.qa.junit.tests.EnhancedGridTests","testGoogleHomepage","Verify Google homepage loads correctly [DEV]","Verify that Google homepage loads successfully and contains expected elements"
"skipped","Tue Dec 30 01:08:13 UTC 2025","Tue Dec 30 01:08:14 UTC 2025","1000","","Playwright Tests","","integration/companies.spec.ts","","Companies Integration Tests › should navigate to companies from home page [TEST]","Playwright test: Companies Integration Tests › should navigate to companies from home page"
"passed","Tue Dec 30 01:04:03 UTC 2025","Tue Dec 30 01:04:04 UTC 2025","562","Surefire suite","Surefire test","com.cjs.qa.junit.tests.SmokeTests","com.cjs.qa.junit.tests.SmokeTests","smokeTestFormInput","smokeTestFormInput [DEV]","Verify basic form input functionality"
"skipped","Tue Dec 30 01:08:13 UTC 2025","Tue Dec 30 01:08:14 UTC 2025","1000","","Playwright Tests","","integration/applications.spec.ts","","Applications Integration Tests › should view application details [PROD]","Playwright test: Applications Integration Tests › should view application details"
"passed","Tue Dec 30 01:03:55 UTC 2025","Tue Dec 30 01:03:56 UTC 2025","465","Surefire suite","Surefire test","com.cjs.qa.junit.tests.NegativeTests","com.cjs.qa.junit.tests.NegativeTests","testElementStateVerification","testElementStateVerification [DEV]","Test element state verification"
"passed","Tue Dec 30 01:03:35 UTC 2025","Tue Dec 30 01:03:35 UTC 2025","22","Surefire suite","Surefire test","com.cjs.qa.junit.tests.HtmlUnitUpgradeVerificationTest","com.cjs.qa.junit.tests.HtmlUnitUpgradeVerificationTest","testHtmlUnitDriverInstantiationWithoutParameters","testHtmlUnitDriverInstantiationWithoutParameters [DEV]",""
"passed","Tue Dec 30 01:03:07 UTC 2025","Tue Dec 30 01:03:07 UTC 2025","2","Surefire suite","Surefire test","com.cjs.qa.utilities.DataProviderTest","com.cjs.qa.utilities.DataProviderTest","testJSONDataProviderReadsFile","testJSONDataProviderReadsFile [DEV]",""
"passed","Tue Dec 30 01:04:12 UTC 2025","Tue Dec 30 01:04:13 UTC 2025","615","Surefire suite","Surefire test","com.cjs.qa.junit.tests.EnhancedGridTests","com.cjs.qa.junit.tests.EnhancedGridTests","testFormInteraction","Test form interaction [DEV]","Verify form field interactions including input, clear, and attribute validation"
"passed","Tue Dec 30 01:08:13 UTC 2025","Tue Dec 30 01:08:14 UTC 2025","54","","Robot Framework Tests","","RobotFramework","","Get Posts API Test [PROD]","Robot Framework test: Get Posts API Test"
"passed","Tue Dec 30 01:08:14 UTC 2025","Tue Dec 30 01:08:15 UTC 2025","1547","","Vibium Tests","","Vibium","","should execute syncAPIMocked without errors [TEST]","Vibium test: should execute syncAPIMocked without errors"
"passed","Tue Dec 30 01:08:14 UTC 2025","Tue Dec 30 01:08:17 UTC 2025","3075","","Vibium Tests","","Vibium","","should execute asyncAPIMocked without errors [PROD]","Vibium test: should execute asyncAPIMocked without errors"
"passed","Tue Dec 30 01:08:13 UTC 2025","Tue Dec 30 01:08:16 UTC 2025","3079","","Robot Framework Tests","","RobotFramework","","Home Page Should Display Navigation Panel [DEV]","Robot Framework test: Home Page Should Display Navigation Panel"
"passed","Tue Dec 30 01:08:13 UTC 2025","Tue Dec 30 01:08:15 UTC 2025","1276","","Selenide Tests","","homepage.spec.ts","","HomePage › should display the navigation panel [DEV]","Playwright test: HomePage › should display the navigation panel"
"skipped","Tue Dec 30 01:08:13 UTC 2025","Tue Dec 30 01:08:14 UTC 2025","1000","","Playwright Tests","","integration/applications.spec.ts","","Applications Integration Tests › should handle empty applications list [TEST]","Playwright test: Applications Integration Tests › should handle empty applications list"
"passed","Tue Dec 30 01:03:58 UTC 2025","Tue Dec 30 01:03:58 UTC 2025","1","Surefire suite","Surefire test","com.cjs.qa.junit.tests.SmokeTests","com.cjs.qa.junit.tests.SmokeTests","smokeTestGridConnection","smokeTestGridConnection [DEV]","Verify Selenium Grid is accessible and responsive"
"passed","Tue Dec 30 01:08:13 UTC 2025","Tue Dec 30 01:08:13 UTC 2025","77","","Robot Framework Tests","","RobotFramework","","Get All Posts Test [DEV]","Robot Framework test: Get All Posts Test"
"passed","Tue Dec 30 01:08:13 UTC 2025","Tue Dec 30 01:08:17 UTC 2025","3215","","Robot Framework Tests","","RobotFramework","","Home Page Should Display Navigation Panel [PROD]","Robot Framework test: Home Page Should Display Navigation Panel"
"skipped","Tue Dec 30 01:08:13 UTC 2025","Tue Dec 30 01:08:14 UTC 2025","1000","","Playwright Tests","","integration/applications.spec.ts","","Applications Integration Tests › should list applications [TEST]","Playwright test: Applications Integration Tests › should list applications"
"passed","Tue Dec 30 01:08:13 UTC 2025","Tue Dec 30 01:08:14 UTC 2025","919","","Selenide Tests","","Cypress","","HomePage [DEV]","Cypress test: ['HomePage', 'should load the home page']"
"passed","Tue Dec 30 01:03:59 UTC 2025","Tue Dec 30 01:03:59 UTC 2025","460","Surefire suite","Surefire test","com.cjs.qa.junit.tests.SmokeTests","com.cjs.qa.junit.tests.SmokeTests","smokeTestHomepageLoads","smokeTestHomepageLoads [DEV]","Verify homepage loads successfully"
"passed","Tue Dec 30 01:03:44 UTC 2025","Tue Dec 30 01:03:49 UTC 2025","5387","Surefire suite","Surefire test","com.cjs.qa.junit.tests.NegativeTests","com.cjs.qa.junit.tests.NegativeTests","testElementWaitTimeout","testElementWaitTimeout [DEV]","Test element wait timeout"
"passed","Tue Dec 30 01:08:14 UTC 2025","Tue Dec 30 01:08:18 UTC 2025","4284","","Vibium Tests","","Vibium","","should execute all example functions in sequence [PROD]","Vibium test: should execute all example functions in sequence"
"passed","Tue Dec 30 01:03:32 UTC 2025","Tue Dec 30 01:03:34 UTC 2025","2606","Surefire suite","Surefire test","com.cjs.qa.utilities.PageObjectGeneratorBrowserTest","com.cjs.qa.utilities.PageObjectGeneratorBrowserTest","testEmptyPageHandling","testEmptyPageHandling [DEV]",""
"passed","Tue Dec 30 01:08:13 UTC 2025","Tue Dec 30 01:08:14 UTC 2025","919","","Selenide Tests","","Cypress","","HomePage [PROD]","Cypress test: ['HomePage', 'should load the home page']"
"passed","Tue Dec 30 01:05:33 UTC 2025","Tue Dec 30 01:05:46 UTC 2025","13704","Surefire suite","Surefire test","com.cjs.qa.junit.tests.mobile.ResponsiveDesignTests","com.cjs.qa.junit.tests.mobile.ResponsiveDesignTests","testMultipleViewportSizes","testMultipleViewportSizes [DEV]","Test website responsiveness across all standard viewports"
"passed","Tue Dec 30 01:08:14 UTC 2025","Tue Dec 30 01:08:16 UTC 2025","2918","","Vibium Tests","","Vibium","","should handle the vibium package gracefully [DEV]","Vibium test: should handle the vibium package gracefully"
"passed","Tue Dec 30 01:05:57 UTC 2025","Tue Dec 30 01:05:59 UTC 2025","2580","Surefire suite","Surefire test","com.cjs.qa.junit.tests.mobile.ResponsiveDesignTests","com.cjs.qa.junit.tests.mobile.ResponsiveDesignTests","testMobileNavigationMenu","testMobileNavigationMenu [DEV]","Test mobile navigation menu (hamburger menu)"
"passed","Tue Dec 30 01:05:00 UTC 2025","Tue Dec 30 01:05:01 UTC 2025","236","Surefire suite","Surefire test","com.cjs.qa.junit.tests.DataDrivenTests","com.cjs.qa.junit.tests.DataDrivenTests","testWebsiteAccessibility","testWebsiteAccessibility [DEV]","Verify multiple websites are accessible and load correctly"
"passed","Tue Dec 30 01:06:11 UTC 2025","Tue Dec 30 01:06:13 UTC 2025","1613","Surefire suite","Surefire test","com.cjs.qa.junit.tests.mobile.MobileBrowserTests","com.cjs.qa.junit.tests.mobile.MobileBrowserTests","testMobileTouchInteractions","testMobileTouchInteractions [DEV]","Test touch-based interactions on mobile devices"
"skipped","Tue Dec 30 01:08:13 UTC 2025","Tue Dec 30 01:08:14 UTC 2025","1000","","Playwright Tests","","integration/applications.spec.ts","","Applications Integration Tests › should list applications [PROD]","Playwright test: Applications Integration Tests › should list applications"
"skipped","Tue Dec 30 01:08:13 UTC 2025","Tue Dec 30 01:08:14 UTC 2025","1000","","Playwright Tests","","integration/applications.spec.ts","","Applications Integration Tests › should delete an application [DEV]","Playwright test: Applications Integration Tests › should delete an application"
"passed","Tue Dec 30 01:06:06 UTC 2025","Tue Dec 30 01:06:06 UTC 2025","849","Surefire suite","Surefire test","com.cjs.qa.junit.tests.mobile.MobileBrowserTests","com.cjs.qa.junit.tests.mobile.MobileBrowserTests","testMobileDeviceEmulation","testMobileDeviceEmulation [DEV]","Test mobile device emulation with Chrome browser"
"passed","Tue Dec 30 01:05:18 UTC 2025","Tue Dec 30 01:05:18 UTC 2025","0","Surefire suite","Surefire test","com.cjs.qa.junit.tests.RetryAnalyzerTest","com.cjs.qa.junit.tests.RetryAnalyzerTest","testRetryAnalyzerWithPassingTest","testRetryAnalyzerWithPassingTest [DEV]",""
"passed","Tue Dec 30 01:08:13 UTC 2025","Tue Dec 30 01:08:14 UTC 2025","50","","Robot Framework Tests","","RobotFramework","","Get All Posts Test [PROD]","Robot Framework test: Get All Posts Test"
"skipped","Tue Dec 30 01:08:13 UTC 2025","Tue Dec 30 01:08:14 UTC 2025","1000","","Playwright Tests","","integration/applications.spec.ts","","Applications Integration Tests › should view application details [TEST]","Playwright test: Applications Integration Tests › should view application details"
"passed","Tue Dec 30 01:08:13 UTC 2025","Tue Dec 30 01:08:15 UTC 2025","1360","","Selenide Tests","","homepage.spec.ts","","HomePage › should load the home page [DEV]","Playwright test: HomePage › should load the home page"
"passed","Tue Dec 30 01:03:23 UTC 2025","Tue Dec 30 01:03:32 UTC 2025","8918","Surefire suite","Surefire test","com.cjs.qa.utilities.PageObjectGeneratorBrowserTest","com.cjs.qa.utilities.PageObjectGeneratorBrowserTest","testHiddenElementsFiltering","testHiddenElementsFiltering [DEV]",""
"passed","Tue Dec 30 01:08:13 UTC 2025","Tue Dec 30 01:08:15 UTC 2025","1276","","Selenide Tests","","homepage.spec.ts","","HomePage › should display the navigation panel [PROD]","Playwright test: HomePage › should display the navigation panel"
"skipped","Tue Dec 30 01:08:13 UTC 2025","Tue Dec 30 01:08:14 UTC 2025","1000","","Playwright Tests","","integration/applications.spec.ts","","Applications Integration Tests › should create a new application [TEST]","Playwright test: Applications Integration Tests › should create a new application"
"passed","Tue Dec 30 01:08:13 UTC 2025","Tue Dec 30 01:08:15 UTC 2025","1360","","Selenide Tests","","homepage.spec.ts","","HomePage › should load the home page [TEST]","Playwright test: HomePage › should load the home page"
"passed","Tue Dec 30 01:03:36 UTC 2025","Tue Dec 30 01:03:36 UTC 2025","58","Surefire suite","Surefire test","com.cjs.qa.junit.tests.HtmlUnitUpgradeVerificationTest","com.cjs.qa.junit.tests.HtmlUnitUpgradeVerificationTest","testWebClientWithDataUrl","testWebClientWithDataUrl [DEV]",""
"passed","Tue Dec 30 01:06:00 UTC 2025","Tue Dec 30 01:06:01 UTC 2025","1006","Surefire suite","Surefire test","com.cjs.qa.junit.tests.mobile.ResponsiveDesignTests","com.cjs.qa.junit.tests.mobile.ResponsiveDesignTests","testMobileImageOptimization","testMobileImageOptimization [DEV]","Validate images are optimized for mobile viewports"
"skipped","Tue Dec 30 01:08:13 UTC 2025","Tue Dec 30 01:08:14 UTC 2025","1000","","Playwright Tests","","integration/applications.spec.ts","","Applications Integration Tests › should edit an existing application [DEV]","Playwright test: Applications Integration Tests › should edit an existing application"
"passed","Tue Dec 30 01:08:14 UTC 2025","Tue Dec 30 01:08:14 UTC 2025","403","","Vibium Tests","","Vibium","","should execute syncAPIHandled without errors [PROD]","Vibium test: should execute syncAPIHandled without errors"
"passed","Tue Dec 30 01:03:13 UTC 2025","Tue Dec 30 01:03:18 UTC 2025","4753","Surefire suite","Surefire test","com.cjs.qa.utilities.PageObjectGeneratorBrowserTest","com.cjs.qa.utilities.PageObjectGeneratorBrowserTest","testGeneratedCodeStructure","testGeneratedCodeStructure [DEV]",""
"passed","Tue Dec 30 01:05:26 UTC 2025","Tue Dec 30 01:05:28 UTC 2025","2496","","Surefire test","Selenide Tests","com.cjs.qa.junit.tests.HomePageTests","testNavigationPanel","testNavigationPanel [DEV]","Test that the navigation panel is visible"
"passed","Tue Dec 30 01:08:13 UTC 2025","Tue Dec 30 01:08:14 UTC 2025","113","","Robot Framework Tests","","RobotFramework","","Get Posts API Test [TEST]","Robot Framework test: Get Posts API Test"
"passed","Tue Dec 30 01:05:07 UTC 2025","Tue Dec 30 01:05:09 UTC 2025","1643","Surefire suite","Surefire test","com.cjs.qa.junit.tests.AdvancedFeaturesTests","com.cjs.qa.junit.tests.AdvancedFeaturesTests","testWindowManagement","testWindowManagement [DEV]","Test window size, position, and maximize"
"skipped","Tue Dec 30 01:08:13 UTC 2025","Tue Dec 30 01:08:14 UTC 2025","1000","","Playwright Tests","","integration/companies.spec.ts","","Companies Integration Tests › should load companies list page [DEV]","Playwright test: Companies Integration Tests › should load companies list page"
"passed","Tue Dec 30 01:04:07 UTC 2025","Tue Dec 30 01:04:08 UTC 2025","1021","Surefire suite","Surefire test","com.cjs.qa.junit.tests.EnhancedGridTests","com.cjs.qa.junit.tests.EnhancedGridTests","testGitHubHomepage","Verify GitHub homepage and search [DEV]","Verify GitHub homepage loads and logo is present"
"passed","Tue Dec 30 01:03:58 UTC 2025","Tue Dec 30 01:03:58 UTC 2025","1","Surefire suite","Surefire test","com.cjs.qa.junit.tests.api.APIContractTests","com.cjs.qa.junit.tests.api.APIContractTests","testGoToWebinarWebinarListSchema","testGoToWebinarWebinarListSchema [DEV]","Validate GoToWebinar webinar list response matches schema"
"passed","Tue Dec 30 01:08:13 UTC 2025","Tue Dec 30 01:08:17 UTC 2025","3744","","Robot Framework Tests","","RobotFramework","","Home Page Should Load [PROD]","Robot Framework test: Home Page Should Load"
"passed","Tue Dec 30 01:03:07 UTC 2025","Tue Dec 30 01:03:07 UTC 2025","24","Surefire suite","Surefire test","com.cjs.qa.utilities.DataProviderTest","com.cjs.qa.utilities.DataProviderTest","testCSVDataProviderReadsFile","testCSVDataProviderReadsFile [DEV]",""
"passed","Tue Dec 30 01:06:01 UTC 2025","Tue Dec 30 01:06:02 UTC 2025","1419","Surefire suite","Surefire test","com.cjs.qa.junit.tests.mobile.ResponsiveDesignTests","com.cjs.qa.junit.tests.mobile.ResponsiveDesignTests","testMobileFontLegibility","testMobileFontLegibility [DEV]","Validate font sizes are legible on mobile devices"
"passed","Tue Dec 30 01:05:28 UTC 2025","Tue Dec 30 01:05:28 UTC 2025","0","Surefire suite","Surefire test","com.cjs.qa.junit.tests.SimpleGridTest","com.cjs.qa.junit.tests.SimpleGridTest","testGridConnection","testGridConnection [DEV]","Verify that connection to Selenium Grid is successful and driver is initialized"
"passed","Tue Dec 30 01:03:35 UTC 2025","Tue Dec 30 01:03:35 UTC 2025","1","Surefire suite","Surefire test","com.cjs.qa.junit.tests.HtmlUnitUpgradeVerificationTest","com.cjs.qa.junit.tests.HtmlUnitUpgradeVerificationTest","testPackageNames","testPackageNames [DEV]",""
"passed","Tue Dec 30 01:04:15 UTC 2025","Tue Dec 30 01:04:18 UTC 2025","3134","Surefire suite","Surefire test","com.cjs.qa.junit.tests.EnhancedGridTests","com.cjs.qa.junit.tests.EnhancedGridTests","testResponsiveDesign","Verify responsive design detection [DEV]","Verify website works correctly at different viewport sizes"
"passed","Tue Dec 30 00:57:14 UTC 2025","Tue Dec 30 00:57:44 UTC 2025","30000","","Performance Tests","","Performance","","Locust: Quick Smoke Test [TEST]","Locust Quick Smoke Test - All 280 requests passed successfully"
"passed","Tue Dec 30 01:03:58 UTC 2025","Tue Dec 30 01:03:58 UTC 2025","0","Surefire suite","Surefire test","com.cjs.qa.junit.tests.SecretManagerSmokeTest","com.cjs.qa.junit.tests.SecretManagerSmokeTest","smokeTestDirectSecretRetrieval","Skip if credentials not available [DEV]","Verify that SecureConfig can directly retrieve secrets by name"
"passed","Tue Dec 30 01:08:13 UTC 2025","Tue Dec 30 01:08:14 UTC 2025","919","","Selenide Tests","","Cypress","","HomePage [TEST]","Cypress test: ['HomePage', 'should load the home page']"
"passed","Tue Dec 30 01:06:10 UTC 2025","Tue Dec 30 01:06:11 UTC 2025","1019","Surefire suite","Surefire test","com.cjs.qa.junit.tests.mobile.MobileBrowserTests","com.cjs.qa.junit.tests.mobile.MobileBrowserTests","testResponsiveDesignMultipleDevices","testResponsiveDesignMultipleDevices [DEV]","Test responsive design across multiple mobile devices"
"skipped","Tue Dec 30 01:08:13 UTC 2025","Tue Dec 30 01:08:14 UTC 2025","1000","","Playwright Tests","","integration/applications.spec.ts","","Applications Integration Tests › should navigate to applications from home page [PROD]","Playwright test: Applications Integration Tests › should navigate to applications from home page"
"passed","Tue Dec 30 01:06:15 UTC 2025","Tue Dec 30 01:06:16 UTC 2025","885","Surefire suite","Surefire test","com.cjs.qa.junit.tests.mobile.MobileBrowserTests","com.cjs.qa.junit.tests.mobile.MobileBrowserTests","testMobileFormInput","testMobileFormInput [DEV]","Test form input on mobile devices"
"passed","Tue Dec 30 01:03:18 UTC 2025","Tue Dec 30 01:03:23 UTC 2025","4440","Surefire suite","Surefire test","com.cjs.qa.utilities.PageObjectGeneratorBrowserTest","com.cjs.qa.utilities.PageObjectGeneratorBrowserTest","testDataTableMethods","testDataTableMethods [DEV]",""
"passed","Tue Dec 30 01:05:15 UTC 2025","Tue Dec 30 01:05:17 UTC 2025","1505","Surefire suite","Surefire test","com.cjs.qa.junit.tests.AdvancedFeaturesTests","com.cjs.qa.junit.tests.AdvancedFeaturesTests","testElementProperties","testElementProperties [DEV]","Test retrieving element properties and attributes"
"passed","Tue Dec 30 01:06:02 UTC 2025","Tue Dec 30 01:06:06 UTC 2025","3442","Surefire suite","Surefire test","com.cjs.qa.junit.tests.mobile.ResponsiveDesignTests","com.cjs.qa.junit.tests.mobile.ResponsiveDesignTests","testOrientationChanges","testOrientationChanges [DEV]","Test layout adaptation between portrait and landscape orientations"
"passed","Tue Dec 30 01:03:49 UTC 2025","Tue Dec 30 01:03:55 UTC 2025","5534","Surefire suite","Surefire test","com.cjs.qa.junit.tests.NegativeTests","com.cjs.qa.junit.tests.NegativeTests","testErrorRecovery","testErrorRecovery [DEV]","Test recovery after error"
"passed","Tue Dec 30 01:04:27 UTC 2025","Tue Dec 30 01:04:29 UTC 2025","2288","Surefire suite","Surefire test","com.cjs.qa.junit.tests.DataDrivenTests","com.cjs.qa.junit.tests.DataDrivenTests","testSearchEdgeCases","testSearchEdgeCases [DEV]","Test search behavior with invalid/edge case inputs"
"passed","Tue Dec 30 01:04:10 UTC 2025","Tue Dec 30 01:04:11 UTC 2025","314","Surefire suite","Surefire test","com.cjs.qa.junit.tests.EnhancedGridTests","com.cjs.qa.junit.tests.EnhancedGridTests","testPageLoadPerformance","Verify page load performance [DEV]","Verify page loads within acceptable time limits (<10 seconds)"
"skipped","Tue Dec 30 01:08:13 UTC 2025","Tue Dec 30 01:08:14 UTC 2025","1000","","Playwright Tests","","integration/applications.spec.ts","","Applications Integration Tests › should edit an existing application [TEST]","Playwright test: Applications Integration Tests › should edit an existing application"
"passed","Tue Dec 30 01:08:14 UTC 2025","Tue Dec 30 01:08:18 UTC 2025","4284","","Vibium Tests","","Vibium","","should execute all example functions in sequence [TEST]","Vibium test: should execute all example functions in sequence"
"skipped","Tue Dec 30 01:08:13 UTC 2025","Tue Dec 30 01:08:14 UTC 2025","1000","","Playwright Tests","","integration/companies.spec.ts","","Companies Integration Tests › should load companies list page [TEST]","Playwright test: Companies Integration Tests › should load companies list page"
"passed","Tue Dec 30 01:08:13 UTC 2025","Tue Dec 30 01:08:14 UTC 2025","70","","Robot Framework Tests","","RobotFramework","","Create Post Test [PROD]","Robot Framework test: Create Post Test"
"passed","Tue Dec 30 01:08:13 UTC 2025","Tue Dec 30 01:08:17 UTC 2025","3551","","Robot Framework Tests","","RobotFramework","","Home Page Should Load [TEST]","Robot Framework test: Home Page Should Load"
"skipped","Tue Dec 30 01:08:13 UTC 2025","Tue Dec 30 01:08:14 UTC 2025","1000","","Playwright Tests","","integration/applications.spec.ts","","Applications Integration Tests › should navigate to applications from home page [DEV]","Playwright test: Applications Integration Tests › should navigate to applications from home page"
"skipped","Tue Dec 30 01:08:13 UTC 2025","Tue Dec 30 01:08:14 UTC 2025","1000","","Playwright Tests","","integration/applications.spec.ts","","Applications Integration Tests › should delete an application [TEST]","Playwright test: Applications Integration Tests › should delete an application"
"passed","Tue Dec 30 01:08:14 UTC 2025","Tue Dec 30 01:08:15 UTC 2025","1191","","Vibium Tests","","Vibium","","should execute asyncAPIHandled without errors [TEST]","Vibium test: should execute asyncAPIHandled without errors"
"passed","Tue Dec 30 01:05:18 UTC 2025","Tue Dec 30 01:05:18 UTC 2025","0","Surefire suite","Surefire test","com.cjs.qa.junit.tests.RetryAnalyzerTest","com.cjs.qa.junit.tests.RetryAnalyzerTest","testRetryAnalyzerConfigurationActive","testRetryAnalyzerConfigurationActive [DEV]",""
"passed","Tue Dec 30 01:03:07 UTC 2025","Tue Dec 30 01:03:13 UTC 2025","6397","Surefire suite","Surefire test","com.cjs.qa.utilities.PageObjectGeneratorBrowserTest","com.cjs.qa.utilities.PageObjectGeneratorBrowserTest","testBasicGeneration","testBasicGeneration [DEV]",""
"passed","Tue Dec 30 01:08:13 UTC 2025","Tue Dec 30 01:08:17 UTC 2025","3536","","Robot Framework Tests","","RobotFramework","","Home Page Should Load [DEV]","Robot Framework test: Home Page Should Load"
"passed","Tue Dec 30 01:03:58 UTC 2025","Tue Dec 30 01:03:58 UTC 2025","1","Surefire suite","Surefire test","com.cjs.qa.junit.tests.SecretManagerSmokeTest","com.cjs.qa.junit.tests.SecretManagerSmokeTest","smokeTestPasswordRetrieval","Skip if credentials not available [DEV]","Verify that SecureConfig can retrieve a password from Google Cloud Secret Manager"
"skipped","Tue Dec 30 01:08:13 UTC 2025","Tue Dec 30 01:08:14 UTC 2025","1000","","Playwright Tests","","integration/companies.spec.ts","","Companies Integration Tests › should navigate to companies from home page [DEV]","Playwright test: Companies Integration Tests › should navigate to companies from home page"
"passed","Tue Dec 30 01:05:55 UTC 2025","Tue Dec 30 01:05:57 UTC 2025","1320","Surefire suite","Surefire test","com.cjs.qa.junit.tests.mobile.ResponsiveDesignTests","com.cjs.qa.junit.tests.mobile.ResponsiveDesignTests","testResponsiveBreakpoints","testResponsiveBreakpoints [DEV]","Validate CSS breakpoints and layout changes"
"skipped","Tue Dec 30 01:08:13 UTC 2025","Tue Dec 30 01:08:14 UTC 2025","1000","","Playwright Tests","","integration/applications.spec.ts","","Applications Integration Tests › should handle empty applications list [DEV]","Playwright test: Applications Integration Tests › should handle empty applications list"
"passed","Tue Dec 30 01:03:58 UTC 2025","Tue Dec 30 01:03:58 UTC 2025","1","Surefire suite","Surefire test","com.cjs.qa.junit.tests.api.APIContractTests","com.cjs.qa.junit.tests.api.APIContractTests","testGoToWebinarAuthResponseSchema","testGoToWebinarAuthResponseSchema [DEV]","Validate GoToWebinar OAuth token response matches schema"
"passed","Tue Dec 30 01:03:07 UTC 2025","Tue Dec 30 01:03:07 UTC 2025","0","Surefire suite","Surefire test","com.cjs.qa.utilities.DataProviderTest","com.cjs.qa.utilities.DataProviderTest","testDataProviderIntegration","testDataProviderIntegration [DEV]",""
"passed","Tue Dec 30 01:08:13 UTC 2025","Tue Dec 30 01:08:13 UTC 2025","82","","Robot Framework Tests","","RobotFramework","","Get Posts API Test [DEV]","Robot Framework test: Get Posts API Test"
